,SYMBOL,NAME OF COMPANY, SERIES, DATE OF LISTING, PAID UP VALUE, MARKET LOT, ISIN NUMBER, FACE VALUE
510,FORCEMOT,FORCE MOTORS LTD,EQ,1994-01-03 00:11:00,10,1,INE451A01017,10
875,KENNAMET,Kennametal India Limited,EQ,1994-01-03 00:11:00,10,1,INE717A01029,10
585,GOODYEAR,Goodyear India Limited,EQ,1994-01-28 00:12:00,10,1,INE533A01012,10
872,KEEPLEARN,DSJ Keep Learning Limited,BE,1995-01-01 00:03:00,1,1,INE055C01020,1
305,CGPOWER,CG Power and Industrial Solutions Limited,EQ,1995-01-01 00:03:00,2,1,INE067A01029,2
1361,ROLTA,Rolta India Limited,BZ,1995-01-01 00:03:00,10,1,INE293A01013,10
1472,SHREYAS,Shreyas Shipping & Logistics Limited,EQ,1995-01-01 00:03:00,10,1,INE757B01015,10
474,ESCORTS,Escorts Kubota Limited,EQ,1995-01-01 00:03:00,10,1,INE042A01014,10
1424,SBIN,State Bank of India,EQ,1995-01-01 00:03:00,1,1,INE062A01020,1
1140,NILKAMAL,Nilkamal Limited,EQ,1995-01-01 00:11:00,10,1,INE310A01015,10
473,ESABINDIA,Esab India Limited,EQ,1995-01-01 00:11:00,10,1,INE284A01012,10
93,ANDHRSUGAR,The Andhra Sugars Limited,EQ,1995-01-01 00:11:00,2,1,INE715B01021,2
1,21STCENMGM,21st Century Management Services Limited,EQ,1995-01-03 00:05:00,10,1,INE253B01015,10
191,BALMLAWRIE,Balmer Lawrie & Company Limited,EQ,1995-01-06 00:07:00,10,1,INE164A01016,10
669,HINDUNILVR,Hindustan Unilever Limited,EQ,1995-01-06 00:07:00,1,1,INE030A01027,1
1392,SAIL,Steel Authority of India Limited,EQ,1995-01-06 00:07:00,10,1,INE114A01011,10
608,GSFC,Gujarat State Fertilizers & Chemicals Limited,EQ,1995-01-06 00:09:00,2,1,INE026A01025,2
1271,PRECWIRE,Precision Wires India Limited,EQ,1995-01-06 00:09:00,1,1,INE372C01037,1
959,LUMAXIND,Lumax Industries Limited,EQ,1995-01-06 00:09:00,10,1,INE162B01018,10
847,KABRAEXTRU,Kabra Extrusion Technik Limited,EQ,1995-01-06 00:09:00,5,1,INE900B01029,5
1479,SIEMENS,Siemens Limited,EQ,1995-01-06 00:09:00,2,1,INE003A01024,2
877,KESORAMIND,Kesoram Industries Limited,EQ,1995-01-06 00:09:00,10,1,INE087A01019,10
1394,SAKHTISUG,Sakthi Sugars Limited,EQ,1995-01-06 00:09:00,10,1,INE623A01011,10
105,APCOTEXIND,Apcotex Industries Limited,EQ,1995-01-06 00:09:00,2,1,INE116A01032,2
1594,SWARAJENG,Swaraj Engines Limited,EQ,1995-01-06 00:12:00,10,1,INE277A01016,10
244,BIRLACABLE,Birla Cable Limited,EQ,1995-01-06 00:12:00,10,1,INE800A01015,10
194,BANARBEADS,Banaras Beads Limited,EQ,1995-01-07 00:07:00,10,1,INE655B01011,10
1147,NKIND,NK Industries Limited,BE,1995-01-07 00:07:00,10,1,INE542C01019,10
661,HIMATSEIDE,Himatsingka Seide Limited,EQ,1995-01-08 00:02:00,5,1,INE049A01027,5
627,HARRMALAYA,Harrisons  Malayalam Limited,EQ,1995-01-08 00:02:00,10,1,INE544A01019,10
88,AMJLAND,Amj Land Holdings Limited,EQ,1995-01-08 00:02:00,2,1,INE606A01024,2
1109,NAVNETEDUL,Navneet Education Limited,EQ,1995-01-08 00:02:00,2,1,INE060A01024,2
1073,MOTOGENFIN,The Motor & General Finance Limited,EQ,1995-01-08 00:02:00,5,1,INE861B01023,5
581,GOLDENTOBC,Golden Tobacco Limited,BZ,1995-01-08 00:02:00,10,1,INE973A01010,10
917,KSB,Ksb Limited,EQ,1995-01-08 00:02:00,10,1,INE999A01015,10
550,GIPCL,Gujarat Industries Power Company Limited,EQ,1995-01-08 00:02:00,10,1,INE162A01010,10
1222,PENINLAND,Peninsula Land Limited,BE,1995-01-08 00:02:00,2,1,INE138A01028,2
130,ARVIND,Arvind Limited,EQ,1995-01-08 00:02:00,10,1,INE034A01011,10
506,FMGOETZE,Federal-Mogul Goetze (India) Limited.,EQ,1995-01-08 00:02:00,10,1,INE529A01010,10
502,FINPIPE,Finolex Industries Limited,EQ,1995-01-08 00:02:00,2,1,INE183A01024,2
493,FEDERALBNK,The Federal Bank  Limited,EQ,1995-01-08 00:02:00,2,1,INE171A01029,2
1764,VINDHYATEL,Vindhya Telelinks Limited,EQ,1995-01-08 00:02:00,10,1,INE707A01012,10
448,EIHOTEL,EIH Limited,EQ,1995-01-08 00:02:00,2,1,INE230A01023,2
1337,RELINFRA,Reliance Infrastructure Limited,BE,1995-01-08 00:02:00,10,1,INE036A01016,10
193,BALRAMCHIN,Balrampur Chini Mills Limited,EQ,1995-01-08 00:02:00,1,1,INE119A01028,1
320,CIPLA,Cipla Limited,EQ,1995-01-08 00:02:00,2,1,INE059A01026,2
303,CESC,CESC Limited,EQ,1995-01-08 00:02:00,1,1,INE486A01021,1
555,GLFL,Gujarat Lease Financing Limited,BE,1995-01-08 00:02:00,10,1,INE540A01017,10
1004,MARALOVER,Maral Overseas Limited,EQ,1995-01-08 00:02:00,10,1,INE882A01013,10
1220,PEL,Piramal Enterprises Limited,EQ,1995-01-08 00:02:00,2,1,INE140A01024,2
1571,SUNPHARMA,Sun Pharmaceutical Industries Limited,EQ,1995-01-08 00:02:00,1,1,INE044A01036,1
1790,WATERBASE,Waterbase Limited,EQ,1995-01-08 00:02:00,10,1,INE054C01015,10
757,INFY,Infosys Limited,EQ,1995-01-08 00:02:00,5,1,INE009A01021,5
964,LYKALABS,Lyka Labs Limited,EQ,1995-01-08 00:02:00,10,1,INE933A01014,10
1804,WILLAMAGOR,Williamson Magor & Company Limited,BE,1995-01-08 00:02:00,10,1,INE210A01017,10
13,AARTIIND,Aarti Industries Limited,EQ,1995-01-08 00:02:00,5,1,INE769A01020,5
857,KANORICHEM,Kanoria Chemicals & Industries Limited,EQ,1995-01-08 00:02:00,5,1,INE138C01024,5
983,MAHSCOOTER,Maharashtra Scooters Limited,EQ,1995-01-08 00:02:00,10,1,INE288A01013,10
19,ABB,ABB India Limited,EQ,1995-01-08 00:02:00,2,1,INE117A01022,2
771,IPCALAB,IPCA Laboratories Limited,EQ,1995-01-08 00:02:00,1,1,INE571A01038,1
1809,WIPRO,Wipro Limited,EQ,1995-01-08 00:11:00,2,1,INE075A01022,2
641,HDFCBANK,HDFC Bank Limited,EQ,1995-01-08 00:11:00,1,1,INE040A01034,1
646,HEG,HEG Limited,EQ,1995-01-10 00:05:00,10,1,INE545A01016,10
549,GINNIFILA,Ginni Filaments Limited,EQ,1995-01-10 00:05:00,10,1,INE424C01010,10
801,JAYNECOIND,Jayaswal Neco Industries Limited,EQ,1995-01-10 00:05:00,10,1,INE854B01010,10
1266,PRAKASH,Prakash Industries Limited,EQ,1995-01-10 00:05:00,10,1,INE603A01013,10
1584,SURYAROSNI,Surya Roshni Limited,EQ,1995-01-10 00:05:00,10,1,INE335A01012,10
1793,WEIZMANIND,Weizmann Limited,EQ,1995-01-10 00:05:00,10,1,INE080A01014,10
445,EIDPARRY,EID Parry India Limited,EQ,1995-01-10 00:05:00,1,1,INE126A01031,1
182,BAJAJHIND,Bajaj Hindusthan Sugar Limited,EQ,1995-01-10 00:05:00,1,1,INE306A01021,1
38,ADORWELD,Ador Welding Limited,EQ,1995-01-10 00:05:00,10,1,INE045A01017,10
1406,SANGHIIND,Sanghi Industries Limited,BE,1995-01-10 00:05:00,10,1,INE999B01013,10
279,CANFINHOME,Can Fin Homes Limited,EQ,1995-01-10 00:05:00,2,1,INE477A01020,2
592,GRASIM,Grasim Industries Limited,EQ,1995-01-10 00:05:00,2,1,INE047A01021,2
294,CENTENKA,Century Enka Limited,EQ,1995-01-10 00:05:00,10,1,INE485A01015,10
1761,VIKASWSP,Vikas WSP Limited,BZ,1995-01-10 00:05:00,1,1,INE706A01022,1
1528,SPICEJET,SPICEJET LTD,EQ,1995-01-10 00:05:00,10,1,INE285B01017,10
1013,MASTEK,Mastek Limited,EQ,1995-01-10 00:05:00,5,1,INE759A01021,5
235,BHARATRAS,Bharat Rasayan Limited,EQ,1995-01-11 00:10:00,10,1,INE838B01013,10
1265,PRAJIND,Praj Industries Limited,EQ,1995-01-11 00:10:00,2,1,INE074A01025,2
1671,TOKYOPLAST,Tokyo Plast International Limited,EQ,1995-01-11 00:10:00,10,1,INE932C01012,10
1219,PEARLPOLY,Pearl Polymers Limited,EQ,1995-01-11 00:10:00,10,1,INE844A01013,10
245,BIRLACORPN,Birla Corporation Limited,EQ,1995-01-12 00:04:00,10,1,INE340A01012,10
1833,ZUARIIND,ZUARI INDUSTRIES LIMITED,EQ,1995-01-12 00:04:00,10,1,INE217A01012,10
1781,VOLTAS,Voltas Limited,EQ,1995-01-12 00:04:00,1,1,INE226A01021,1
381,DCMSHRIRAM,DCM Shriram Limited,EQ,1995-01-12 00:04:00,2,1,INE499A01024,2
1613,TATACOMM,Tata Communications Limited,EQ,1995-01-12 00:04:00,10,1,INE151A01013,10
487,FACT,Fertilizers and Chemicals Travancore Limited,EQ,1995-01-12 00:04:00,10,1,INE188A01015,10
1700,UCALFUEL,Ucal Fuel Systems Limited,EQ,1995-01-13 00:09:00,10,1,INE139B01016,10
1544,STARPAPER,Star Paper Mills Limited,EQ,1995-01-13 00:09:00,10,1,INE733A01018,10
260,BPCL,Bharat Petroleum Corporation Limited,EQ,1995-01-13 00:09:00,10,1,INE029A01011,10
788,IVP,IVP Limited,EQ,1995-01-13 00:09:00,10,1,INE043C01018,10
849,KAKATCEM,Kakatiya Cement Sugar & Industries Limited,EQ,1995-01-13 00:12:00,10,1,INE437B01014,10
1274,PREMIERPOL,Premier Polyfilm Limited,EQ,1995-01-13 00:12:00,5,1,INE309M01012,5
261,BPL,BPL Limited,EQ,1995-01-14 00:06:00,10,1,INE110A01019,10
323,CLNINDIA,Clariant Chemicals (India) Limited,EQ,1995-01-14 00:06:00,10,1,INE492A01029,10
307,CHAMBLFERT,Chambal Fertilizers & Chemicals Limited,EQ,1995-01-14 00:06:00,10,1,INE085A01013,10
802,JAYSREETEA,Jayshree Tea & Industries Limited,EQ,1995-01-15 00:02:00,5,1,INE364A01020,5
1373,RSWM,RSWM Limited,EQ,1995-01-15 00:02:00,10,1,INE611A01016,10
499,FINCABLES,Finolex Cables Limited,EQ,1995-01-15 00:02:00,2,1,INE235A01022,2
647,HEIDELBERG,HeidelbergCement India Limited,EQ,1995-01-15 00:03:00,10,1,INE578A01017,10
183,BAJAJHLDNG,Bajaj Holdings & Investment Limited,EQ,1995-01-15 00:03:00,10,1,INE118A01012,10
567,GNFC,Gujarat Narmada Valley Fertilizers and Chemicals Limited,EQ,1995-01-17 00:05:00,10,1,INE113A01013,10
1723,UNIVCABLES,Universal Cables Limited,EQ,1995-01-17 00:05:00,10,1,INE279A01012,10
205,BASF,BASF India Limited,EQ,1995-01-17 00:05:00,10,1,INE373A01013,10
1323,RAYMOND,Raymond Limited,EQ,1995-01-18 00:10:00,10,1,INE301A01014,10
393,DELTAMAGNT,Delta Manufacturing Limited,EQ,1995-01-18 00:10:00,10,1,INE393A01011,10
118,ARENTERP,Rajdarshan Industries Limited,EQ,1995-01-18 00:10:00,10,1,INE610C01014,10
1177,ONGC,Oil & Natural Gas Corporation Limited,EQ,1995-01-19 00:07:00,5,1,INE213A01029,5
846,JYOTISTRUC,Jyoti Structures Limited,BZ,1995-01-19 00:07:00,2,1,INE197A01024,2
4,3PLAND,3P Land Holdings Limited,EQ,1995-01-19 00:07:00,2,1,INE105C01023,2
678,HLVLTD,HLV LIMITED,EQ,1995-01-19 00:07:00,2,1,INE102A01024,2
1578,SUPREMEIND,Supreme Industries Limited,EQ,1995-01-19 00:07:00,2,1,INE195A01028,2
137,ASHAPURMIN,Ashapura Minechem Limited,EQ,1995-01-20 00:09:00,2,1,INE348A01023,2
704,IDBI,IDBI Bank Limited,EQ,1995-01-20 00:09:00,10,1,INE008A01015,10
901,KOTAKBANK,Kotak Mahindra Bank Limited,EQ,1995-01-20 00:12:00,5,1,INE237A01028,5
1535,SREINFRA,SREI Infrastructure Finance Limited,BE,1995-01-20 00:12:00,10,1,INE872A01014,10
881,KHAITANLTD,Khaitan (India) Limited,EQ,1995-01-20 00:12:00,10,1,INE731C01018,10
1511,SOMANYCERA,Somany Ceramics Limited,EQ,1995-01-22 00:11:00,2,1,INE355A01028,2
455,ELGIEQUIP,Elgi Equipments Limited,EQ,1995-01-22 00:11:00,1,1,INE285A01027,1
1703,UFLEX,UFLEX Limited,EQ,1995-01-23 00:08:00,10,1,INE516A01017,10
561,GMBREW,GM Breweries Limited,EQ,1995-01-23 00:08:00,10,1,INE075D01018,10
783,ITC,ITC Limited,EQ,1995-01-23 00:08:00,1,1,INE154A01025,1
1038,METALFORGE,Metalyst Forgings Limited,BZ,1995-01-23 00:08:00,10,1,INE425A01011,10
141,ASHOKLEY,Ashok Leyland Limited,EQ,1995-01-25 00:05:00,1,1,INE208A01029,1
383,DCW,DCW Limited,EQ,1995-01-25 00:05:00,2,1,INE500A01029,2
1778,VLSFINANCE,VLS Finance Limited,EQ,1995-01-25 00:05:00,10,1,INE709A01018,10
1558,SUDARSCHEM,Sudarshan Chemical Industries Limited,EQ,1995-01-25 00:05:00,2,1,INE659A01023,2
543,GFLLIMITED,GFL Limited,EQ,1995-01-25 00:05:00,1,1,INE538A01037,1
342,COSMOFIRST,COSMO FIRST LIMITED,EQ,1995-01-25 00:05:00,10,1,INE757A01017,10
256,BOMDYEING,Bombay Dyeing & Mfg Company Limited,EQ,1995-01-26 00:04:00,2,1,INE032A01023,2
711,IFCI,IFCI Limited,EQ,1995-01-26 00:04:00,10,1,INE039A01010,10
1467,SHREECEM,SHREE CEMENT LIMITED,EQ,1995-01-26 00:04:00,10,1,INE070A01015,10
659,HIL,HIL Limited,EQ,1995-01-26 00:04:00,10,1,INE557A01011,10
268,BSL,BSL Limited,EQ,1995-01-27 00:07:00,10,1,INE594B01012,10
1600,TAINWALCHM,Tainwala Chemical and Plastic (I) Limited,EQ,1995-01-27 00:07:00,10,1,INE123C01018,10
139,ASHIMASYN,Ashima Limited,EQ,1995-01-27 00:07:00,10,1,INE440A01010,10
1829,ZODIACLOTH,Zodiac Clothing Company Limited,EQ,1995-01-27 00:09:00,10,1,INE206B01013,10
942,LIBERTSHOE,Liberty Shoes Limited,EQ,1995-01-27 00:09:00,10,1,INE557B01019,10
1657,TIL,TIL Limited,BZ,1995-01-27 00:09:00,10,1,INE806C01018,10
1384,S&SPOWER,S&S Power Switchgears Limited,BE,1995-01-27 00:09:00,10,1,INE902B01017,10
1102,NATCOPHARM,Natco Pharma Limited,EQ,1995-01-27 00:12:00,2,1,INE987B01026,2
349,CRISIL,CRISIL Limited,EQ,1995-01-28 00:06:00,1,1,INE007A01025,1
1517,SOTL,Savita Oil Technologies Limited,EQ,1995-01-28 00:06:00,2,1,INE035D01020,2
1431,SEAMECLTD,Seamec Limited,EQ,1995-01-28 00:06:00,10,1,INE497B01018,10
18,ABAN,Aban Offshore Limited,EQ,1995-01-29 00:03:00,2,1,INE421A01028,2
710,IFBIND,IFB Industries Limited,EQ,1995-01-29 00:03:00,10,1,INE559A01017,10
1377,RUBYMILLS,The Ruby Mills Limited,EQ,1995-01-29 00:03:00,5,1,INE301D01026,5
378,DCM,DCM  Limited,EQ,1995-01-29 00:03:00,10,1,INE498A01018,10
400,DHAMPURSUG,Dhampur Sugar Mills Limited,EQ,1995-01-29 00:03:00,10,1,INE041A01016,10
1440,SESHAPAPER,Seshasayee Paper and Boards Limited,EQ,1995-01-29 00:03:00,2,1,INE630A01024,2
753,INEOSSTYRO,INEOS Styrolution India Limited,EQ,1995-01-29 00:03:00,10,1,INE189B01011,10
357,CUMMINSIND,Cummins India Limited,EQ,1995-01-29 00:03:00,2,1,INE298A01020,2
1307,RAJSREESUG,Rajshree Sugars & Chemicals Limited,EQ,1995-01-29 00:03:00,10,1,INE562B01019,10
611,GTL,GTL Limited,EQ,1995-01-29 00:03:00,10,1,INE043A01012,10
1215,PCBL,PCBL LIMITED,EQ,1995-01-29 00:03:00,1,1,INE602A01031,1
1191,ORIENTPPR,Orient Paper & Industries Limited,EQ,1995-01-29 00:03:00,1,1,INE592A01026,1
1195,OSWALAGRO,Oswal Agro Mills Limited,EQ,1995-01-29 00:03:00,10,1,INE142A01012,10
935,LAXMIMACH,Lakshmi Machine Works Limited,EQ,1995-01-29 00:03:00,10,1,INE269B01029,10
1234,PIDILITIND,Pidilite Industries Limited,EQ,1995-01-29 00:03:00,1,1,INE318A01026,1
481,EVERESTIND,Everest Industries Limited,EQ,1995-01-29 00:03:00,10,1,INE295A01018,10
1349,RIIL,Reliance Industrial Infrastructure Limited,EQ,1995-01-29 00:11:00,10,1,INE046A01015,10
1335,RELIANCE,Reliance Industries Limited,EQ,1995-01-29 00:11:00,10,1,INE002A01018,10
1333,RELCAPITAL,Reliance Capital Limited,BE,1995-01-29 00:11:00,10,1,INE013A01015,10
734,INDIANHUME,Indian Hume Pipe Company Limited,EQ,1995-01-30 00:08:00,2,1,INE323C01030,2
1169,OILCOUNTUB,Oil Country Tubular Limited,BE,1995-01-30 00:08:00,10,1,INE591A01010,10
408,DICIND,DIC India Limited,EQ,1995-01-30 00:08:00,10,1,INE303A01010,10
1648,THERMAX,Thermax Limited,EQ,1995-01-30 00:08:00,2,1,INE152A01029,2
112,APOLLOTYRE,Apollo Tyres Limited,EQ,1995-01-31 00:05:00,1,1,INE438A01022,1
144,ASIANPAINT,Asian Paints Limited,EQ,1995-01-31 00:05:00,1,1,INE021A01026,1
341,COROMANDEL,Coromandel International Limited,EQ,1995-01-31 00:05:00,1,1,INE169A01031,1
1006,MARICO,Marico Limited,EQ,1996-01-01 00:05:00,1,1,INE196A01026,1
903,KOTHARIPET,Kothari Petrochemicals Limited,EQ,1996-01-02 00:11:00,10,1,INE720A01015,10
910,KREBSBIO,Krebs Biochemicals and Industries Limited,EQ,1996-01-03 00:01:00,10,1,INE268B01013,10
800,JAYBARMARU,Jay Bharat Maruti Limited,EQ,1996-01-03 00:01:00,5,1,INE571B01028,5
996,MANGLMCEM,Mangalam Cement Limited,EQ,1996-01-03 00:01:00,10,1,INE347A01017,10
966,M&M,Mahindra & Mahindra Limited,EQ,1996-01-03 00:01:00,5,1,INE101A01026,5
43,AEGISCHEM,Aegis Logistics Limited,EQ,1996-01-03 00:04:00,1,1,INE208C01025,1
284,CARBORUNIV,Carborundum Universal Limited,EQ,1996-01-03 00:04:00,1,1,INE120A01034,1
685,HOTELRUGBY,Hotel Rugby Limited,BE,1996-01-03 00:04:00,10,1,INE275F01019,10
211,BBTC,Bombay Burmah Trading Corporation Limited,EQ,1996-01-03 00:04:00,2,1,INE050A01025,2
709,IFBAGRO,IFB Agro Industries Limited,EQ,1996-01-03 00:04:00,10,1,INE076C01018,10
1106,NAVA,NAVA LIMITED,EQ,1996-01-03 00:04:00,2,1,INE725A01022,2
1292,PVP,PVP Ventures Limited,EQ,1996-01-03 00:04:00,10,1,INE362A01016,10
234,BHARATGEAR,Bharat Gears Limited,EQ,1996-01-03 00:04:00,10,1,INE561C01019,10
1620,TATAPOWER,Tata Power Company Limited,EQ,1996-01-03 00:04:00,1,1,INE245A01021,1
1273,PREMIER,Premier Limited,BE,1996-01-03 00:04:00,10,1,INE342A01018,10
440,EASTSILK,Eastern Silk Industries Limited,BE,1996-01-03 00:07:00,2,1,INE962C01027,2
728,INDHOTEL,The Indian Hotels Company Limited,EQ,1996-01-03 00:07:00,1,1,INE053A01029,1
1331,REGENCERAM,Regency Ceramics Limited,BE,1996-01-05 00:06:00,10,1,INE277C01012,10
1401,SAMBHAAV,Sambhaav Media Limited,BE,1996-01-05 00:06:00,1,1,INE699B01027,1
598,GREENPLY,Greenply Industries Limited,EQ,1996-01-06 00:03:00,1,1,INE461C01038,1
1314,RAMCOIND,Ramco Industries Limited,EQ,1996-01-06 00:11:00,1,1,INE614A01028,1
1471,SHREYANIND,Shreyans Industries Limited,EQ,1996-01-06 00:11:00,10,1,INE231C01019,10
1059,MODIRUBBER,Modi Rubber Limited,BE,1996-01-07 00:02:00,10,1,INE832A01018,10
663,HINDCOMPOS,Hindustan Composites Limited,EQ,1996-01-08 00:05:00,5,1,INE310C01029,5
545,GICHSGFIN,GIC Housing Finance Limited,EQ,1996-01-08 00:05:00,10,1,INE289B01019,10
618,GUJRAFFIA,Gujarat Raffia Industries Limited,BE,1996-01-09 00:10:00,10,1,INE610B01024,10
110,APOLLOHOSP,Apollo Hospitals Enterprise Limited,EQ,1996-01-10 00:01:00,5,1,INE437A01024,5
737,INDLMETER,IMP Powers Limited,BZ,1996-01-10 00:01:00,10,1,INE065B01013,10
1527,SPIC,Southern Petrochemicals Industries Corporation  Limited,EQ,1996-01-10 00:01:00,10,1,INE147A01011,10
1555,SUBCAPCITY,International Constructions Limited,BE,1996-01-10 00:07:00,10,1,INE845C01016,10
1823,ZENITHEXPO,Zenith Exports Limited,BE,1996-01-10 00:07:00,10,1,INE058B01018,10
1539,SRTRANSFIN,Shriram Transport Finance Company Limited,EQ,1996-01-11 00:12:00,10,1,INE721A01013,10
243,BIOFILCHEM,Biofil Chemicals & Pharmaceuticals Limited,EQ,1996-01-12 00:06:00,10,1,INE829A01014,10
1669,TNPL,Tamil Nadu Newsprint & Papers Limited,EQ,1996-01-14 00:02:00,10,1,INE107A01015,10
1531,SPMLINFRA,SPML Infra Limited,EQ,1996-01-14 00:02:00,2,1,INE937A01023,2
1512,SOMATEX,Soma Textiles & Industries Limited,EQ,1996-01-14 00:08:00,10,1,INE314C01013,10
1071,MOTHERSON,Samvardhana Motherson International Limited,EQ,1996-01-14 00:08:00,1,1,INE775A01035,1
315,CHOLAFIN,Cholamandalam Investment and Finance Company Limited,EQ,1996-01-15 00:05:00,2,1,INE121A01024,2
1378,RUCHINFRA,Ruchi Infrastructure Limited,BE,1996-01-16 00:10:00,1,1,INE413B01023,1
1150,NOCIL,NOCIL Limited,EQ,1996-01-17 00:01:00,10,1,INE163A01018,10
1453,SHANTIGEAR,Shanthi Gears Limited,EQ,1996-01-17 00:01:00,1,1,INE631A01022,1
365,DALMIASUG,Dalmia Bharat Sugar and Industries Limited,EQ,1996-01-17 00:01:00,2,1,INE495A01022,2
449,EIMCOELECO,Eimco Elecon (India) Limited,EQ,1996-01-17 00:04:00,10,1,INE158B01016,10
162,AUSOMENT,Ausom Enterprise Limited,EQ,1996-01-17 00:04:00,10,1,INE218C01016,10
799,JAYAGROGN,Jayant Agro Organics Limited,EQ,1996-01-17 00:04:00,5,1,INE785A01026,5
1200,PANACEABIO,Panacea Biotec Limited,EQ,1996-01-17 00:04:00,1,1,INE922B01023,1
1568,SUNDRMBRAK,Sundaram Brake Linings Limited,EQ,1996-01-17 00:07:00,10,1,INE073D01013,10
1405,SANGAMIND,Sangam (India) Limited,EQ,1996-01-17 00:07:00,10,1,INE495C01010,10
1076,MRF,MRF Limited,EQ,1996-01-18 00:09:00,10,1,INE883A01011,10
1788,WALCHANNAG,Walchandnagar Industries Limited,BE,1996-01-18 00:09:00,2,1,INE711A01022,2
25,ACC,ACC Limited,EQ,1996-01-20 00:11:00,10,1,INE012A01025,10
1485,SILINV,SIL Investments Limited,EQ,1996-01-22 00:05:00,10,1,INE923A01015,10
404,DHARSUGAR,Dharani Sugars&Chemicals Limited,BZ,1996-01-22 00:05:00,10,1,INE988C01014,10
639,HDFC,Housing Development Finance Corporation Limited,EQ,1996-01-23 00:10:00,2,1,INE001A01036,2
80,ALPSINDUS,Alps Industries Limited,EQ,1996-01-24 00:04:00,10,1,INE093B01015,10
1231,PGHL,Procter & Gamble Health Limited,EQ,1996-01-24 00:04:00,10,1,INE199A01012,10
356,CUBEXTUB,Cubex Tubings Limited,EQ,1996-01-24 00:04:00,10,1,INE144D01012,10
571,GODFRYPHLP,Godfrey Phillips India Limited,EQ,1996-01-24 00:07:00,2,1,INE260B01028,2
768,IOC,Indian Oil Corporation Limited,EQ,1996-01-24 00:07:00,10,1,INE242A01010,10
339,CORALFINAC,Coral India Finance & Housing Limited,EQ,1996-01-25 00:03:00,2,1,INE558D01021,2
878,KEYFINSERV,Keynote Financial Services Limited,EQ,1996-01-26 00:06:00,10,1,INE681C01015,10
1152,NORBTEAEXP,Norben Tea & Exports Limited,EQ,1996-01-26 00:06:00,10,1,INE369C01017,10
651,HERITGFOOD,Heritage Foods Limited,EQ,1996-01-27 00:11:00,5,1,INE978A01027,5
1770,VISAKAIND,Visaka Industries Limited,EQ,1996-01-28 00:08:00,10,1,INE392A01013,10
241,BINDALAGRO,Oswal Chemicals & Fertilizers Limited,EQ,1996-01-28 00:08:00,10,1,INE143A01010,10
854,KAMATHOTEL,Kamat Hotels (I) Limited,BE,1996-01-29 00:05:00,10,1,INE967C01018,10
1338,REMSONSIND,Remsons Industries Limited,EQ,1996-01-31 00:01:00,10,1,INE474C01015,10
479,EUROTEXIND,Eurotex Industries and Exports Limited,EQ,1996-01-31 00:01:00,10,1,INE022C01012,10
637,HCL-INSYS,HCL Infosystems Limited,EQ,1997-01-01 00:01:00,2,1,INE236A01020,2
518,GAIL,GAIL (India) Limited,EQ,1997-01-02 00:04:00,10,1,INE129A01019,10
748,INDSWFTLAB,Ind-Swift Laboratories Limited,EQ,1997-01-02 00:07:00,10,1,INE915B01019,10
31,ADANIENT,Adani Enterprises Limited,EQ,1997-01-04 00:06:00,1,1,INE423A01024,1
738,INDNIPPON,India Nippon Electricals Limited,EQ,1997-01-07 00:05:00,5,1,INE092B01025,5
335,CONCOR,Container Corporation of India Limited,EQ,1997-01-07 00:05:00,5,1,INE111A01025,5
395,DENORA,De Nora India Limited,EQ,1997-01-07 00:08:00,10,1,INE244A01016,10
615,GUJALKALI,Gujarat Alkalies and Chemicals Limited,EQ,1997-01-07 00:08:00,10,1,INE186A01019,10
492,FDC,FDC Limited,EQ,1997-01-07 00:08:00,1,1,INE258B01022,1
662,HINDALCO,Hindalco Industries Limited,EQ,1997-01-08 00:01:00,1,1,INE038A01020,1
733,INDIANCARD,Indian Card Clothing Company Limited,EQ,1997-01-08 00:01:00,10,1,INE061A01014,10
1313,RAMCOCEM,The Ramco Cements Limited,EQ,1997-01-09 00:04:00,1,1,INE331A01037,1
867,KCP,KCP Limited,EQ,1997-01-09 00:04:00,1,1,INE805C01028,1
868,KCPSUGIND,KCP Sugar and Industries Corporation Limited,EQ,1997-01-11 00:06:00,1,1,INE790B01024,1
1429,SCI,Shipping Corporation Of India Limited,EQ,1997-01-13 00:08:00,10,1,INE109A01011,10
39,ADROITINFO,Adroit Infotech Limited,EQ,1997-01-13 00:08:00,10,1,INE737B01033,10
1499,SKMEGGPROD,SKM Egg Products Export (India) Limited,BE,1997-01-14 00:03:00,10,1,INE411D01015,10
747,INDRAMEDCO,Indraprastha Medical Corporation Limited,EQ,1997-01-17 00:04:00,10,1,INE681B01017,10
699,ICICIBANK,ICICI Bank Limited,EQ,1997-01-17 00:09:00,2,1,INE090A01021,2
562,GMDCLTD,Gujarat Mineral Development Corporation Limited,EQ,1997-01-17 00:12:00,2,1,INE131A01031,2
200,BANKBARODA,Bank of Baroda,EQ,1997-01-19 00:02:00,2,1,INE028A01039,2
466,ENGINERSIN,Engineers India Limited,EQ,1997-01-20 00:08:00,5,1,INE510A01028,5
379,DCMFINSERV,DCM Financial Services Limited,BE,1997-01-21 00:05:00,10,1,INE891B01012,10
1320,RANEHOLDIN,Rane Holdings Limited,EQ,1997-01-24 00:09:00,10,1,INE384A01010,10
972,MADRASFERT,Madras Fertilizers Limited,EQ,1997-01-25 00:07:00,10,1,INE414A01015,10
795,JAICORPLTD,Jai Corp Limited,EQ,1997-01-26 00:11:00,1,1,INE070D01027,1
201,BANKINDIA,Bank of India,EQ,1997-01-30 00:04:00,10,1,INE084A01016,10
1414,SAREGAMA,Saregama India Limited,EQ,1997-01-30 00:07:00,1,1,INE979A01025,1
100,ANTGRAPHIC,Antarctica Limited,EQ,1997-01-31 00:12:00,1,1,INE414B01021,1
117,ARCHIES,Archies Limited,EQ,1998-01-02 00:09:00,2,1,INE731A01020,2
904,KOTHARIPRO,Kothari Products Limited,EQ,1998-01-03 00:06:00,10,1,INE823A01017,10
263,BRITANNIA,Britannia Industries Limited,EQ,1998-01-05 00:11:00,1,1,INE216A01030,1
156,ATUL,Atul Limited,EQ,1998-01-06 00:05:00,10,1,INE100A01010,10
1566,SUNDARMFIN,Sundaram Finance Limited,EQ,1998-01-07 00:01:00,10,1,INE660A01013,10
1327,RCF,Rashtriya Chemicals and Fertilizers Limited,EQ,1998-01-07 00:01:00,10,1,INE027A01015,10
1518,SOUTHBANK,The South Indian Bank Limited,EQ,1998-01-08 00:12:00,1,1,INE683A01023,1
1683,TRIGYN,Trigyn Technologies Limited,EQ,1998-01-09 00:04:00,10,1,INE948A01012,10
1820,ZEEL,Zee Entertainment Enterprises Limited,EQ,1998-01-09 00:09:00,1,1,INE256A01028,1
1744,VEDL,Vedanta Limited,EQ,1998-01-13 00:05:00,1,1,INE205A01025,1
171,AXISBANK,Axis Bank Limited,EQ,1998-01-16 00:11:00,2,1,INE238A01034,2
668,HINDPETRO,Hindustan Petroleum Corporation Limited,EQ,1998-01-17 00:06:00,10,1,INE094A01015,10
85,AMBUJACEM,Ambuja Cements Limited,EQ,1998-01-18 00:02:00,2,1,INE079A01024,2
133,ASAHIINDIA,Asahi India Glass Limited,EQ,1998-01-18 00:03:00,1,1,INE439A01020,1
1614,TATACONSUM,TATA CONSUMER PRODUCTS LIMITED,EQ,1998-01-18 00:11:00,1,1,INE192A01025,1
1621,TATASTEEL,Tata Steel Limited,EQ,1998-01-18 00:11:00,1,1,INE081A01020,1
976,MAHAPEXLTD,Maha Rashtra Apex Corporation Limited,BE,1998-01-21 00:01:00,10,1,INE843B01013,10
1618,TATAMOTORS,Tata Motors Limited,EQ,1998-01-22 00:07:00,2,1,INE155A01022,2
791,J&KBANK,The Jammu & Kashmir Bank Limited,EQ,1998-01-22 00:07:00,1,1,INE168A01041,1
1616,TATAINVEST,Tata Investment Corporation Limited,EQ,1998-01-24 00:06:00,10,1,INE672A01018,10
355,CUB,City Union Bank Limited,EQ,1998-01-25 00:08:00,1,1,INE491A01021,1
1189,ORIENTHOT,Oriental Hotels Limited,EQ,1998-01-27 00:08:00,1,1,INE750A01020,1
751,INDUSINDBK,IndusInd Bank Limited,EQ,1998-01-28 00:01:00,10,1,INE095A01012,10
943,LICHSGFIN,LIC Housing Finance Limited,EQ,1998-01-29 00:07:00,2,1,INE115A01026,2
361,CYIENT,Cyient Limited,EQ,1998-01-30 00:09:00,5,1,INE136B01020,5
1309,RALLIS,Rallis India Limited,EQ,1999-01-01 00:04:00,1,1,INE613A01020,1
1611,TATACHEM,Tata Chemicals Limited,EQ,1999-01-01 00:04:00,10,1,INE092A01019,10
26,ACCELYA,Accelya Solutions India Limited,EQ,1999-01-01 00:12:00,10,1,INE793A01012,10
1141,NIPPOBATRY,Indo-National Limited,EQ,1999-01-06 00:10:00,5,1,INE567A01028,5
1719,UNITECH,Unitech Limited,BZ,1999-01-08 00:09:00,2,1,INE694A01020,2
900,KOPRAN,Kopran Limited,EQ,1999-01-09 00:06:00,10,1,INE082A01010,10
785,ITDCEM,ITD Cementation India Limited,EQ,1999-01-10 00:02:00,1,1,INE686A01026,1
758,INGERRAND,Ingersoll Rand (India) Limited,EQ,1999-01-15 00:04:00,10,1,INE177A01018,10
787,IVC,IL&FS Investment Managers Limited,EQ,1999-01-15 00:09:00,2,1,INE050B01023,2
948,LINDEINDIA,Linde India Limited,EQ,1999-01-16 00:06:00,10,1,INE473A01011,10
1084,MTNL,Mahanagar Telephone Nigam Limited,EQ,1999-01-17 00:02:00,10,1,INE153A01019,10
697,ICDSLTD,ICDS Limited,BE,1999-01-17 00:11:00,10,1,INE613B01010,10
1372,RSSOFTWARE,R. S. Software (India) Limited,EQ,1999-01-19 00:05:00,5,1,INE165B01029,5
897,KOHINOOR,Kohinoor Foods Limited,EQ,1999-01-20 00:10:00,10,1,INE080B01012,10
69,ALEMBICLTD,Alembic Limited,EQ,1999-01-22 00:09:00,2,1,INE426A01027,2
1689,TTKPRESTIG,TTK Prestige Limited,EQ,1999-01-22 00:12:00,1,1,INE690A01028,1
223,BERGEPAINT,Berger Paints (I) Limited,EQ,1999-01-24 00:11:00,1,1,INE463A01038,1
269,BSOFT,BIRLASOFT LIMITED,EQ,1999-01-24 00:11:00,2,1,INE836A01035,2
1070,MOREPENLAB,Morepen Laboratories Limited,EQ,1999-01-24 00:11:00,2,1,INE083A01026,2
360,CYBERTECH,Cybertech Systems And Software Limited,EQ,1999-01-27 00:01:00,10,1,INE214A01019,10
1497,SKFINDIA,SKF India Limited,EQ,1999-01-27 00:01:00,10,1,INE640A01023,10
1668,TNPETRO,Tamilnadu PetroProducts Limited,EQ,1999-01-27 00:10:00,10,1,INE148A01019,10
1053,MIRZAINT,Mirza International Limited,EQ,1999-01-28 00:04:00,2,1,INE771A01026,2
1104,NATIONALUM,National Aluminium Company Limited,EQ,1999-01-28 00:04:00,5,1,INE139A01034,5
363,DABUR,Dabur India Limited,EQ,1999-01-28 00:04:00,1,1,INE016A01026,1
1226,PFIZER,Pfizer Limited,EQ,1999-01-28 00:04:00,10,1,INE182A01018,10
1516,SONATSOFTW,Sonata Software Limited,EQ,1999-01-28 00:07:00,1,1,INE269A01021,1
813,JINDALSTEL,Jindal Steel & Power Limited,EQ,1999-01-29 00:12:00,1,1,INE749A01030,1
